Participant ID,Sample Index,Visual Latency,WPM,Accuracy,Correct,Incorrect,Extra,Misspelled,Comfort
P0,2,0,29,84,227,13,10,0,3
P0,1,25,25,83,210,21,15,0,2
P0,4,50,29,86,201,22,17,0,3
P0,6,75,28,86,163,24,21,0,2
P0,5,100,32,90,186,21,18,0,3
P0,3,200,10,80,122,45,28,0,1
P1,2,0,18,73,116,64,39,2,4
P1,6,25,29,86,156,33,21,0,4
P1,5,50,14,71,93,70,39,3,2
P1,3,75,5,66,35,84,48,1,3
P1,1,100,18,71,130,54,44,4,3
P1,4,200,13,75,83,64,29,16,1
P2,4,0,16,89,213,18,12,1,3
P2,6,25,12,86,174,26,23,0,3
P2,3,50,8,77,125,47,30,2,2
P2,5,75,6,78,118,50,23,9,2
P2,2,100,4,70,66,69,31,11,2
P2,1,200,1,60,25,104,42,18,2