Participant ID,Sample Index,Visual Latency,WPM,Accuracy,Correct,Incorrect,Extra,Misspelled,Comfort,Avg. WPM,Normalized WPM
P0,2,0,29,84,227,13,10,0,3,25.5,1.137254902
P0,1,25,25,83,210,21,15,0,2,25.5,0.980392157
P0,4,50,29,86,201,22,17,0,3,25.5,1.137254902
P0,6,75,28,86,163,24,21,0,2,25.5,1.098039216
P0,5,100,32,90,186,21,18,0,3,25.5,1.254901961
P0,3,200,10,80,122,45,28,0,1,25.5,0.392156863
P1,2,0,18,73,116,64,39,2,4,16.16666667,1.113402062
P1,6,25,29,86,156,33,21,0,4,16.16666667,1.793814433
P1,5,50,14,71,93,70,39,3,2,16.16666667,0.865979381
P1,3,75,5,66,35,84,48,1,3,16.16666667,0.309278351
P1,1,100,18,71,130,54,44,4,3,16.16666667,1.113402062
P1,4,200,13,75,83,64,29,16,1,16.16666667,0.804123711
P2,4,0,16,89,213,18,12,1,3,7.833333333,2.042553191
P2,6,25,12,86,174,26,23,0,3,7.833333333,1.531914894
P2,3,50,8,77,125,47,30,2,2,7.833333333,1.021276596
P2,5,75,6,78,118,50,23,9,2,7.833333333,0.765957447
P2,2,100,4,70,66,69,31,11,2,7.833333333,0.510638298
P2,1,200,1,60,25,104,42,18,2,7.833333333,0.127659574